<application>
  <component name="FileTypeManager" version="18">
    <extensionMap>
      <mapping pattern="utils" type="AUTO_DETECTED" />
      <mapping pattern="talib_recognizer.py" type="AUTO_DETECTED" />
      <mapping pattern="s10_mod_cargo_directory_crate.rs" type="AUTO_DETECTED" />
      <mapping ext="sum" type="AUTO_DETECTED" />
      <mapping ext="space.kts" type="Kotlin" />
      <mapping ext="gradle.kts" type="Kotlin" />
      <mapping ext="main.kts" type="Kotlin" />
      <mapping ext="plantuml" type="PlantUML file" />
      <mapping ext="pth" type="Python" />
      <mapping ext="sdef" type="XML" />
      <removed_mapping ext="apk" approved="true" type="ARCHIVE" />
      <removed_mapping ext="config" approved="true" type="Erlang Terms" />
      <removed_mapping ext="psd" approved="true" type="Image" />
      <removed_mapping ext="rs" approved="true" type="Android RenderScript" />
      <removed_mapping ext="txt" approved="true" type="PLAIN_TEXT" />
    </extensionMap>
  </component>
</application>