<application>
  <component name="PlantUmlSettingsNew">
    <option name="PLANTUML_LIMIT_SIZE" value="" />
    <option name="customPlantumlJarPath" value="" />
    <option name="highlightInImages" value="true" />
    <option name="includedPaths" value="" />
    <option name="lastBundledVersion" value="1.2021.11" />
    <option name="previewSettings">
      <PreviewSettings>
        <option name="splitEditorLayout" value="Show editor and preview - horizontal split" />
      </PreviewSettings>
    </option>
    <option name="rememberLastExportDir" value="true" />
    <option name="remoteRendering" value="true" />
    <option name="usePreferentiallyGRAPHIZ_DOT" value="true" />
  </component>
</application>